TBL_ID,Period,CODE,SCR_MN,SCR_ENG,CODE1,SCR_MN1,SCR_ENG1,CODE2,SCR_MN2,SCR_ENG2,DTVAL_CO
DT_NSO_1001_021V1,2019,18101,Улиастай,Uliastai,1,Бүгд,Total,,,,154001
DT_NSO_1001_021V1,2019,18104,Алдархаан,Aldarkhaan,1,Бүгд,Total,,,,316100
DT_NSO_1001_021V1,2019,18107,Асгат,Asgat,1,Бүгд,Total,,,,52892
DT_NSO_1001_021V1,2019,18110,Баянтэс,Bayantes,1,Бүгд,Total,,,,180688
DT_NSO_1001_021V1,2019,18113,Баянхайрхан,Bayankhairkhan,1,Бүгд,Total,,,,130243
DT_NSO_1001_021V1,2019,18116,Дөрвөлжин,Durvuljin,1,Бүгд,Total,,,,170936
DT_NSO_1001_021V1,2019,18119,Завханмандал,Zavkhanmandal,1,Бүгд,Total,,,,97415
DT_NSO_1001_021V1,2019,18122,Идэр,Ider,1,Бүгд,Total,,,,123232
DT_NSO_1001_021V1,2019,18125,Их-Уул,Ikh-Uul,1,Бүгд,Total,,,,289268
DT_NSO_1001_021V1,2019,18128,Нөмрөг,Numrug,1,Бүгд,Total,,,,134706
DT_NSO_1001_021V1,2019,18131,Отгон,Otgon,1,Бүгд,Total,,,,232539
DT_NSO_1001_021V1,2019,18134,Сантмаргац,Santmargats,1,Бүгд,Total,,,,156914
DT_NSO_1001_021V1,2019,18137,Сонгино,Songino,1,Бүгд,Total,,,,121128
DT_NSO_1001_021V1,2019,18140,Тосонцэнгэл,Tosontsengel,1,Бүгд,Total,,,,196014
DT_NSO_1001_021V1,2019,18143,Түдэвтэй,Tudevtei,1,Бүгд,Total,,,,133415
DT_NSO_1001_021V1,2019,18146,Тэлмэн,Telmen,1,Бүгд,Total,,,,162419
DT_NSO_1001_021V1,2019,18149,Тэс,Tes,1,Бүгд,Total,,,,115385
DT_NSO_1001_021V1,2019,18152,Ургамал,Urgamal,1,Бүгд,Total,,,,109063
DT_NSO_1001_021V1,2019,18155,Цагаанхайрхан,Tsagaankhairkhan,1,Бүгд,Total,,,,106682
DT_NSO_1001_021V1,2019,18158,Цагаанчулуут,Tsagaanchuluut,1,Бүгд,Total,,,,111905
DT_NSO_1001_021V1,2019,18161,Цэцэн-Уул,Tsetsen-Uul,1,Бүгд,Total,,,,168523
DT_NSO_1001_021V1,2019,18164,Шилүүстэй,Shiluustei,1,Бүгд,Total,,,,141372
DT_NSO_1001_021V1,2019,18167,Эрдэнэхайрхан,Erdenekhairkhan,1,Бүгд,Total,,,,219465
DT_NSO_1001_021V1,2019,18170,Яруу,Yaruu,1,Бүгд,Total,,,,225601
DT_NSO_1001_021V1,2019,18201,Есөнбулаг,Yesunbulag,1,Бүгд,Total,,,,232589
DT_NSO_1001_021V1,2019,18204,Алтай,Altai,1,Бүгд,Total,,,,151367
DT_NSO_1001_021V1,2019,18207,Баян-Уул,Bayan-Uul,1,Бүгд,Total,,,,192676
DT_NSO_1001_021V1,2019,18210,Бигэр,Biger,1,Бүгд,Total,,,,184002
DT_NSO_1001_021V1,2019,18213,Бугат,Bugat,1,Бүгд,Total,,,,181103
DT_NSO_1001_021V1,2019,18216,Дарив,Dariv,1,Бүгд,Total,,,,119860
DT_NSO_1001_021V1,2019,18219,Дэлгэр,Delger,1,Бүгд,Total,,,,305817
DT_NSO_1001_021V1,2019,18222,Жаргалан,Jargalan,1,Бүгд,Total,,,,193835
DT_NSO_1001_021V1,2019,18225,Тайшир,Taishir,1,Бүгд,Total,,,,132607
DT_NSO_1001_021V1,2019,18228,Тонхил,Tonkhil,1,Бүгд,Total,,,,210048
DT_NSO_1001_021V1,2019,18231,Төгрөг,Tugrug,1,Бүгд,Total,,,,121261
DT_NSO_1001_021V1,2019,18234,Халиун,Khaliun,1,Бүгд,Total,,,,247231
DT_NSO_1001_021V1,2019,18237,Хөхморьт,Khukhmorit,1,Бүгд,Total,,,,166910
DT_NSO_1001_021V1,2019,18240,Цогт,Tsogt,1,Бүгд,Total,,,,300962
DT_NSO_1001_021V1,2019,18243,Цээл,Tseel,1,Бүгд,Total,,,,217993
DT_NSO_1001_021V1,2019,18246,Чандмань,Chandmani,1,Бүгд,Total,,,,229726
DT_NSO_1001_021V1,2019,18249,Шарга,Sharga,1,Бүгд,Total,,,,165288
DT_NSO_1001_021V1,2019,18252,Эрдэнэ,Erdene,1,Бүгд,Total,,,,244423
DT_NSO_1001_021V1,2019,18301,Өлгий,Ulgii,1,Бүгд,Total,,,,27091
DT_NSO_1001_021V1,2019,18304,Алтай,Altai,1,Бүгд,Total,,,,154714
DT_NSO_1001_021V1,2019,18307,Алтанцөгц,Altantsugts,1,Бүгд,Total,,,,134258
DT_NSO_1001_021V1,2019,18310,Баяннуур,Bayannuur,1,Бүгд,Total,,,,161224
DT_NSO_1001_021V1,2019,18313,Бугат,Bugat,1,Бүгд,Total,,,,119690
DT_NSO_1001_021V1,2019,18316,Булган,Bulgan,1,Бүгд,Total,,,,130311
DT_NSO_1001_021V1,2019,18319,Буянт,Buyant,1,Бүгд,Total,,,,131898
DT_NSO_1001_021V1,2019,18322,Дэлүүн,Deluun,1,Бүгд,Total,,,,228875
DT_NSO_1001_021V1,2019,18325,Ногооннуур,Nogoonnuur,1,Бүгд,Total,,,,241843
DT_NSO_1001_021V1,2019,18328,Сагсай,Sagsai,1,Бүгд,Total,,,,158957
DT_NSO_1001_021V1,2019,18331,Толбо,Tolbo,1,Бүгд,Total,,,,170269
DT_NSO_1001_021V1,2019,18334,Улаанхус,Ulaankhus,1,Бүгд,Total,,,,221032
DT_NSO_1001_021V1,2019,18337,Цэнгэл,Tsengel,1,Бүгд,Total,,,,312602
DT_NSO_1001_021V1,2019,18401,Жаргалант,Jargalant,1,Бүгд,Total,,,,96187
DT_NSO_1001_021V1,2019,18404,Алтай,Altai,1,Бүгд,Total,,,,215003
DT_NSO_1001_021V1,2019,18410,Буянт,Buyant,1,Бүгд,Total,,,,184627
DT_NSO_1001_021V1,2019,18413,Дарви,Darvi,1,Бүгд,Total,,,,214437
DT_NSO_1001_021V1,2019,18416,Дөргөн,Durgun,1,Бүгд,Total,,,,136197
DT_NSO_1001_021V1,2019,18419,Дуут,Duut,1,Бүгд,Total,,,,127607
DT_NSO_1001_021V1,2019,18422,Зэрэг,Zereg,1,Бүгд,Total,,,,151643
DT_NSO_1001_021V1,2019,18425,Манхан,Mankhan,1,Бүгд,Total,,,,226199
DT_NSO_1001_021V1,2019,18428,Мөнххайрхан,Munkhkhairkhan,1,Бүгд,Total,,,,111056
DT_NSO_1001_021V1,2019,18431,Мөст,Must,1,Бүгд,Total,,,,192276
DT_NSO_1001_021V1,2019,18434,Мянгад,Myangad,1,Бүгд,Total,,,,227695
DT_NSO_1001_021V1,2019,18437,Үенч,Uyench,1,Бүгд,Total,,,,158645
DT_NSO_1001_021V1,2019,18440,Ховд,Khovd,1,Бүгд,Total,,,,175738
DT_NSO_1001_021V1,2019,18443,Цэцэг,Tsetseg,1,Бүгд,Total,,,,173272
DT_NSO_1001_021V1,2019,18446,Чандмань,Chandmani,1,Бүгд,Total,,,,222238
DT_NSO_1001_021V1,2019,18449,Эрдэнэбүрэн,Erdeneburen,1,Бүгд,Total,,,,156857
DT_NSO_1001_021V1,2019,18501,Улаангом,Ulaangom,1,Бүгд,Total,,,,216142
DT_NSO_1001_021V1,2019,18504,Баруунтуруун,Baruunturuun,1,Бүгд,Total,,,,78072
DT_NSO_1001_021V1,2019,18507,Бөхмөрөн,Bukhmurun,1,Бүгд,Total,,,,140469
DT_NSO_1001_021V1,2019,18513,Завхан,Zavkhan,1,Бүгд,Total,,,,130855
DT_NSO_1001_021V1,2019,18516,Зүүнговь,Zuungovi,1,Бүгд,Total,,,,142496
DT_NSO_1001_021V1,2019,18519,Зүүнхангай,Zuunkhangai,1,Бүгд,Total,,,,178428
DT_NSO_1001_021V1,2019,18522,Малчин,Malchin,1,Бүгд,Total,,,,174287
DT_NSO_1001_021V1,2019,18525,Наранбулаг,Naranbulag,1,Бүгд,Total,,,,233055
DT_NSO_1001_021V1,2019,18528,Өлгий,Ulgii,1,Бүгд,Total,,,,115024
DT_NSO_1001_021V1,2019,18531,Өмнөговь,Umnugovi,1,Бүгд,Total,,,,211186
DT_NSO_1001_021V1,2019,18534,Өндөрхангай,Undurkhangai,1,Бүгд,Total,,,,236586
DT_NSO_1001_021V1,2019,18537,Сагил,Sagil,1,Бүгд,Total,,,,187033
DT_NSO_1001_021V1,2019,18540,Тариалан,Tarialan,1,Бүгд,Total,,,,150192
DT_NSO_1001_021V1,2019,18543,Түргэн,Turgen,1,Бүгд,Total,,,,144623
DT_NSO_1001_021V1,2019,18546,Тэс,Tes,1,Бүгд,Total,,,,287902
DT_NSO_1001_021V1,2019,18549,Ховд,Khovd,1,Бүгд,Total,,,,162956
DT_NSO_1001_021V1,2019,18552,Хяргас,Khyargas,1,Бүгд,Total,,,,208440
DT_NSO_1001_021V1,2019,18555,Цагаанхайрхан,Tsagaankhairkhan,1,Бүгд,Total,,,,183347
DT_NSO_1001_021V1,2019,26101,Баян-Өндөр,Bayan-Undur,1,Бүгд,Total,,,,59291
DT_NSO_1001_021V1,2019,26104,Жаргалант,Jargalant,1,Бүгд,Total,,,,67657
DT_NSO_1001_021V1,2019,26201,Арвайхээр,Arvaikheer,1,Бүгд,Total,,,,258795
DT_NSO_1001_021V1,2019,26204,Баруунбаян-Улаан,Baruunbayan-Ulaan,1,Бүгд,Total,,,,198547
DT_NSO_1001_021V1,2019,26207,Бат-Өлзий,Bat-Ulzii,1,Бүгд,Total,,,,335569
DT_NSO_1001_021V1,2019,26210,Баянгол,Bayangol,1,Бүгд,Total,,,,387856
DT_NSO_1001_021V1,2019,26213,Баян-Өндөр,Bayan-Undur,1,Бүгд,Total,,,,353125
DT_NSO_1001_021V1,2019,26216,Богд,Bogd,1,Бүгд,Total,,,,514547
DT_NSO_1001_021V1,2019,26219,Бүрд,Burd,1,Бүгд,Total,,,,324656
DT_NSO_1001_021V1,2019,26222,Гучин-Ус,Guchin-Us,1,Бүгд,Total,,,,235479
DT_NSO_1001_021V1,2019,26225,Есөн зүйл,Yesun zuil,1,Бүгд,Total,,,,198810
DT_NSO_1001_021V1,2019,26228,Зүүнбаян-Улаан,Zuunbayan-Ulaan,1,Бүгд,Total,,,,272872
DT_NSO_1001_021V1,2019,26231,Нарийнтээл,Nariinteel,1,Бүгд,Total,,,,222810
DT_NSO_1001_021V1,2019,26234,Өлзийт,Ulziit,1,Бүгд,Total,,,,213993
DT_NSO_1001_021V1,2019,26237,Сант,Sant,1,Бүгд,Total,,,,277178
DT_NSO_1001_021V1,2019,26240,Тарагт,Taragt,1,Бүгд,Total,,,,251631
DT_NSO_1001_021V1,2019,26243,Төгрөг,Tugrug,1,Бүгд,Total,,,,246220
DT_NSO_1001_021V1,2019,26246,Уянга,Uyanga,1,Бүгд,Total,,,,378451
DT_NSO_1001_021V1,2019,26249,Хайрхандулаан,Khairkhandulaan,1,Бүгд,Total,,,,312024
DT_NSO_1001_021V1,2019,26252,Хархорин,Kharkhorin,1,Бүгд,Total,,,,352068
DT_NSO_1001_021V1,2019,26255,Хужирт,Khujirt,1,Бүгд,Total,,,,290832
DT_NSO_1001_021V1,2019,26301,Булган,Bulgan,1,Бүгд,Total,,,,69582
DT_NSO_1001_021V1,2019,26304,Баян-Агт,Bayan-Agt,1,Бүгд,Total,,,,321694
DT_NSO_1001_021V1,2019,26307,Баяннуур,Bayannuur,1,Бүгд,Total,,,,137019
DT_NSO_1001_021V1,2019,26310,Бугат,Bugat,1,Бүгд,Total,,,,111463
DT_NSO_1001_021V1,2019,26313,Бүрэгхангай,Buregkhangai,1,Бүгд,Total,,,,321449
DT_NSO_1001_021V1,2019,26316,Гурванбулаг,Gurvanbulag,1,Бүгд,Total,,,,326638
DT_NSO_1001_021V1,2019,26319,Дашинчилэн,Dashinchilen,1,Бүгд,Total,,,,261860
DT_NSO_1001_021V1,2019,26322,Могод,Mogod,1,Бүгд,Total,,,,329596
DT_NSO_1001_021V1,2019,26325,Орхон,Orkhon,1,Бүгд,Total,,,,327477
DT_NSO_1001_021V1,2019,26328,Рашаант,Rashaant,1,Бүгд,Total,,,,198039
DT_NSO_1001_021V1,2019,26331,Сайхан,Saikhan,1,Бүгд,Total,,,,373702
DT_NSO_1001_021V1,2019,26334,Сэлэнгэ,Selenge,1,Бүгд,Total,,,,100354
DT_NSO_1001_021V1,2019,26337,Тэшиг,Teshig,1,Бүгд,Total,,,,90123
DT_NSO_1001_021V1,2019,26340,Хангал,Khangal,1,Бүгд,Total,,,,93547
DT_NSO_1001_021V1,2019,26343,Хишиг-Өндөр,Khishig-Undur,1,Бүгд,Total,,,,245457
DT_NSO_1001_021V1,2019,26346,Хутаг-Өндөр,Khutag-Undur,1,Бүгд,Total,,,,333704
DT_NSO_1001_021V1,2019,26401,Баянхонгор,Bayankhongor,1,Бүгд,Total,,,,175891
DT_NSO_1001_021V1,2019,26404,Баацагаан,Baatsagaan,1,Бүгд,Total,,,,368315
DT_NSO_1001_021V1,2019,26407,Баянбулаг,Bayanbulag,1,Бүгд,Total,,,,145803
DT_NSO_1001_021V1,2019,26410,Баянговь,Bayangovi,1,Бүгд,Total,,,,230492
DT_NSO_1001_021V1,2019,26413,Баянлиг,Bayanlig,1,Бүгд,Total,,,,248967
DT_NSO_1001_021V1,2019,26416,Баян-Овоо,Bayan-Ovoo,1,Бүгд,Total,,,,272495
DT_NSO_1001_021V1,2019,26419,Баян-Өндөр,Bayan-Undur,1,Бүгд,Total,,,,163699
DT_NSO_1001_021V1,2019,26422,Баянцагаан,Bayantsagaan,1,Бүгд,Total,,,,255757
DT_NSO_1001_021V1,2019,26425,Богд,Bogd,1,Бүгд,Total,,,,223739
DT_NSO_1001_021V1,2019,26428,Бөмбөгөр,Bumbugur,1,Бүгд,Total,,,,299649
DT_NSO_1001_021V1,2019,26431,Бууцагаан,Buutsagaan,1,Бүгд,Total,,,,303083
DT_NSO_1001_021V1,2019,26434,Галуут,Galuut,1,Бүгд,Total,,,,309597
DT_NSO_1001_021V1,2019,26437,Гурванбулаг,Gurvanbulag,1,Бүгд,Total,,,,192713
DT_NSO_1001_021V1,2019,26440,Жаргалант,Jargalant,1,Бүгд,Total,,,,177510
DT_NSO_1001_021V1,2019,26443,Жинст,Jinst,1,Бүгд,Total,,,,207619
DT_NSO_1001_021V1,2019,26446,Заг,Zag,1,Бүгд,Total,,,,167229
DT_NSO_1001_021V1,2019,26449,Өлзийт,Ulziit,1,Бүгд,Total,,,,277458
DT_NSO_1001_021V1,2019,26452,Хүрээмарал,Khureemaral,1,Бүгд,Total,,,,222467
DT_NSO_1001_021V1,2019,26455,Шинэжинст,Shinejinst,1,Бүгд,Total,,,,191042
DT_NSO_1001_021V1,2019,26458,Эрдэнэцогт,Erdenetsogt,1,Бүгд,Total,,,,211346
DT_NSO_1001_021V1,2019,26501,Эрдэнэбулган,Erdenebulgan,1,Бүгд,Total,,,,247715
DT_NSO_1001_021V1,2019,26504,Батцэнгэл,Battsengel,1,Бүгд,Total,,,,433728
DT_NSO_1001_021V1,2019,26516,Өгийнуур,Ugiinuur,1,Бүгд,Total,,,,324463
DT_NSO_1001_021V1,2019,26519,Өлзийт,Ulziit,1,Бүгд,Total,,,,353240
DT_NSO_1001_021V1,2019,26522,Өндөр-Улаан,Undur-Ulaan,1,Бүгд,Total,,,,406349
DT_NSO_1001_021V1,2019,26525,Тариат,Tariat,1,Бүгд,Total,,,,333785
DT_NSO_1001_021V1,2019,26528,Төвшрүүлэх,Tuvshruulekh,1,Бүгд,Total,,,,180771
DT_NSO_1001_021V1,2019,26531,Хайрхан,"2-r bag, Khairkhan",1,Бүгд,Total,,,,453548
DT_NSO_1001_021V1,2019,26534,Хангайн бүс,Khangai region,1,Бүгд,Total,,,,134970
DT_NSO_1001_021V1,2019,26537,Хашаат,Khashaat,1,Бүгд,Total,,,,372291
DT_NSO_1001_021V1,2019,26540,Хотонт,Khotont,1,Бүгд,Total,,,,398727
DT_NSO_1001_021V1,2019,26543,Цахир,Tsakhir,1,Бүгд,Total,,,,140425
DT_NSO_1001_021V1,2019,26549,Цэцэрлэг,Tsetserleg,1,Бүгд,Total,,,,382062
DT_NSO_1001_021V1,2019,26552,Чулуут,Chuluut,1,Бүгд,Total,,,,225653
DT_NSO_1001_021V1,2019,26555,Эрдэнэмандал,Erdenemandal,1,Бүгд,Total,,,,558493
DT_NSO_1001_021V1,2019,26701,Мөрөн,Murun,1,Бүгд,Total,,,,249815
DT_NSO_1001_021V1,2019,26704,Алаг-Эрдэнэ,Alag-Erdene,1,Бүгд,Total,,,,298716
DT_NSO_1001_021V1,2019,26707,Арбулаг,Arbulag,1,Бүгд,Total,,,,418459
DT_NSO_1001_021V1,2019,26710,Баянзүрх,Bayanzurkh,1,Бүгд,Total,,,,342381
DT_NSO_1001_021V1,2019,26713,Бүрэнтогтох,Burentogtokh,1,Бүгд,Total,,,,436067
DT_NSO_1001_021V1,2019,26716,Галт,Galt,1,Бүгд,Total,,,,406366
DT_NSO_1001_021V1,2019,26719,Жаргалант,Jargalant,1,Бүгд,Total,,,,293231
DT_NSO_1001_021V1,2019,26722,Их-Уул,Ikh-Uul,1,Бүгд,Total,,,,318689
DT_NSO_1001_021V1,2019,26725,Рашаант,Rashaant,1,Бүгд,Total,,,,253153
DT_NSO_1001_021V1,2019,26728,Рэнчинлхүмбэ,Renchinlkhumbe,1,Бүгд,Total,,,,216061
DT_NSO_1001_021V1,2019,26731,Тариалан,Tarialan,1,Бүгд,Total,,,,254106
DT_NSO_1001_021V1,2019,26734,Тосонцэнгэл,Tosontsengel,1,Бүгд,Total,,,,361128
DT_NSO_1001_021V1,2019,26737,Төмөрбулаг,Tumurbulag,1,Бүгд,Total,,,,376694
DT_NSO_1001_021V1,2019,26740,Түнэл,Tunel,1,Бүгд,Total,,,,304434
DT_NSO_1001_021V1,2019,26743,Улаан-Уул,Ulaan-Uul,1,Бүгд,Total,,,,207044
DT_NSO_1001_021V1,2019,26746,Ханх,Khankh,1,Бүгд,Total,,,,54562
DT_NSO_1001_021V1,2019,26749,Цагааннуур,Tsagaannuur,1,Бүгд,Total,,,,21843
DT_NSO_1001_021V1,2019,26752,Цагаан-Уул,Tsagaan-Uul,1,Бүгд,Total,,,,479781
DT_NSO_1001_021V1,2019,26755,Цагаан-Үүр,Tsagaan-Uur,1,Бүгд,Total,,,,33257
DT_NSO_1001_021V1,2019,26758,Цэцэрлэг,Tsetserleg,1,Бүгд,Total,,,,308596
DT_NSO_1001_021V1,2019,26761,Чандмань-Өндөр,Chandmani-Undur,1,Бүгд,Total,,,,71908
DT_NSO_1001_021V1,2019,26764,Шинэ-Идэр,Shine-Ider,1,Бүгд,Total,,,,232526
DT_NSO_1001_021V1,2019,26767,Эрдэнэбулган,Erdenebulgan,1,Бүгд,Total,,,,101614
DT_NSO_1001_021V1,2019,34101,Зуунмод,Zuunmod,1,Бүгд,Total,,,,89992
DT_NSO_1001_021V1,2019,34104,Алтанбулаг,Altanbulag,1,Бүгд,Total,,,,331646
DT_NSO_1001_021V1,2019,34110,Архуст,Arkhust,1,Бүгд,Total,,,,66789
DT_NSO_1001_021V1,2019,34113,Батсүмбэр,Batsumber,1,Бүгд,Total,,,,71211
DT_NSO_1001_021V1,2019,34116,Баян,Bayan,1,Бүгд,Total,,,,159767
DT_NSO_1001_021V1,2019,34119,Баяндэлгэр,Bayandelger,1,Бүгд,Total,,,,212041
DT_NSO_1001_021V1,2019,34122,Баянжаргалан,Bayanjargalan,1,Бүгд,Total,,,,213070
DT_NSO_1001_021V1,2019,34125,Баян-Өнжүүл,Bayan-Unjuul,1,Бүгд,Total,,,,364424
DT_NSO_1001_021V1,2019,34128,Баянхангай,Bayankhangai,1,Бүгд,Total,,,,88457
DT_NSO_1001_021V1,2019,34131,Баянцагаан,Bayantsagaan,1,Бүгд,Total,,,,298769
DT_NSO_1001_021V1,2019,34137,Баянчандмань,Bayanchandmani,1,Бүгд,Total,,,,44422
DT_NSO_1001_021V1,2019,34140,Борнуур,Bornuur,1,Бүгд,Total,,,,101860
DT_NSO_1001_021V1,2019,34143,Бүрэн,Buren,1,Бүгд,Total,,,,346607
DT_NSO_1001_021V1,2019,34146,Дэлгэрхаан,Delgerkhaan,1,Бүгд,Total,,,,200727
DT_NSO_1001_021V1,2019,34149,Жаргалант,Jargalant,1,Бүгд,Total,,,,160934
DT_NSO_1001_021V1,2019,34152,Заамар,Zaamar,1,Бүгд,Total,,,,241095
DT_NSO_1001_021V1,2019,34155,Лүн,Lun,1,Бүгд,Total,,,,265453
DT_NSO_1001_021V1,2019,34158,Мөнгөнморьт,Mungunmorit,1,Бүгд,Total,,,,102363
DT_NSO_1001_021V1,2019,34161,Өндөрширээт,Undurshireet,1,Бүгд,Total,,,,276370
DT_NSO_1001_021V1,2019,34164,Сүмбэр,Sumber,1,Бүгд,Total,,,,43202
DT_NSO_1001_021V1,2019,34167,Сэргэлэн,Sergelen,1,Бүгд,Total,,,,173696
DT_NSO_1001_021V1,2019,34173,Цээл,Tseel,1,Бүгд,Total,,,,136196
DT_NSO_1001_021V1,2019,34176,Эрдэнэ,Erdene,1,Бүгд,Total,,,,223595
DT_NSO_1001_021V1,2019,34179,Эрдэнэсант,Erdenesant,1,Бүгд,Total,,,,440530
DT_NSO_1001_021V1,2019,34201,Сүмбэр,Sumber,1,Бүгд,Total,,,,325928
DT_NSO_1001_021V1,2019,34204,Баянтал,Bayantal,1,Бүгд,Total,,,,70684
DT_NSO_1001_021V1,2019,34207,Шивээговь,Shiveegovi,1,Бүгд,Total,,,,55392
DT_NSO_1001_021V1,2019,34301,Сүхбаатар,Sukhbaatar,1,Бүгд,Total,,,,23277
DT_NSO_1001_021V1,2019,34304,Алтанбулаг,Altanbulag,1,Бүгд,Total,,,,61387
DT_NSO_1001_021V1,2019,34307,Баруунбүрэн,Baruunburen,1,Бүгд,Total,,,,172573
DT_NSO_1001_021V1,2019,34310,Баянгол,Bayangol,1,Бүгд,Total,,,,158157
DT_NSO_1001_021V1,2019,34313,Ерөө,Yeruu,1,Бүгд,Total,,,,80598
DT_NSO_1001_021V1,2019,34316,Жавхлант,Javkhlant,1,Бүгд,Total,,,,95410
DT_NSO_1001_021V1,2019,34319,Зүүнбүрэн,Zuunburen,1,Бүгд,Total,,,,83231
DT_NSO_1001_021V1,2019,34322,Мандал,Mandal,1,Бүгд,Total,,,,114199
DT_NSO_1001_021V1,2019,34325,Орхон,Orkhon,1,Бүгд,Total,,,,105333
DT_NSO_1001_021V1,2019,34328,Орхонтуул,Orkhontuul,1,Бүгд,Total,,,,212560
DT_NSO_1001_021V1,2019,34331,Сайхан,Saikhan,1,Бүгд,Total,,,,105040
DT_NSO_1001_021V1,2019,34334,Сант,Sant,1,Бүгд,Total,,,,85481
DT_NSO_1001_021V1,2019,34337,Түшиг,Tushig,1,Бүгд,Total,,,,59470
DT_NSO_1001_021V1,2019,34340,Хүдэр,Khuder,1,Бүгд,Total,,,,32460
DT_NSO_1001_021V1,2019,34343,Хушаат,Khushaat,1,Бүгд,Total,,,,88504
DT_NSO_1001_021V1,2019,34346,Цагааннуур,Tsagaannuur,1,Бүгд,Total,,,,179696
DT_NSO_1001_021V1,2019,34349,Шаамар,Shaamar,1,Бүгд,Total,,,,25113
DT_NSO_1001_021V1,2019,34401,Сайншанд,Sainshand,1,Бүгд,Total,,,,132113
DT_NSO_1001_021V1,2019,34404,Айраг,Airag,1,Бүгд,Total,,,,183260
DT_NSO_1001_021V1,2019,34407,Алтанширээ,Altanshiree,1,Бүгд,Total,,,,146936
DT_NSO_1001_021V1,2019,34410,Даланжаргалан,Dalanjargalan,1,Бүгд,Total,,,,196772
DT_NSO_1001_021V1,2019,34413,Дэлгэрэх,Delgerekh,1,Бүгд,Total,,,,233142
DT_NSO_1001_021V1,2019,34419,Иххэт,Ikhkhet,1,Бүгд,Total,,,,177059
DT_NSO_1001_021V1,2019,34422,Мандах,Mandakh,1,Бүгд,Total,,,,189007
DT_NSO_1001_021V1,2019,34425,Өргөн,Urgun,1,Бүгд,Total,,,,169925
DT_NSO_1001_021V1,2019,34428,Сайхандулаан,Saikhandulaan,1,Бүгд,Total,,,,193077
DT_NSO_1001_021V1,2019,34431,Улаанбадрах,Ulaanbadrakh,1,Бүгд,Total,,,,157347
DT_NSO_1001_021V1,2019,34434,Хатанбулаг,Khatanbulag,1,Бүгд,Total,,,,260184
DT_NSO_1001_021V1,2019,34437,Хөвсгөл,Khuvsgul,1,Бүгд,Total,,,,159144
DT_NSO_1001_021V1,2019,34440,Эрдэнэ,Erdene,1,Бүгд,Total,,,,151943
DT_NSO_1001_021V1,2019,34501,Дархан,Darkhan,1,Бүгд,Total,,,,76573
DT_NSO_1001_021V1,2019,34504,Орхон,Orkhon,1,Бүгд,Total,,,,46220
DT_NSO_1001_021V1,2019,34507,Хонгор,Khongor,1,Бүгд,Total,,,,191541
DT_NSO_1001_021V1,2019,34510,Шарын гол,Shariin gol,1,Бүгд,Total,,,,33019
DT_NSO_1001_021V1,2019,34601,Даланзадгад,Dalanzadgad,1,Бүгд,Total,,,,127112
DT_NSO_1001_021V1,2019,34604,Баяндалай,Bayandalai,1,Бүгд,Total,,,,206404
DT_NSO_1001_021V1,2019,34607,Баян-Овоо,Bayan-Ovoo,1,Бүгд,Total,,,,169701
DT_NSO_1001_021V1,2019,34610,Булган,Bulgan,1,Бүгд,Total,,,,236711
DT_NSO_1001_021V1,2019,34613,Гурвантэс,Gurvantes,1,Бүгд,Total,,,,225294
DT_NSO_1001_021V1,2019,34616,Мандал-Овоо,Mandal-Ovoo,1,Бүгд,Total,,,,234072
DT_NSO_1001_021V1,2019,34619,Манлай,Manlai,1,Бүгд,Total,,,,220673
DT_NSO_1001_021V1,2019,34622,Ноён,Noyon,1,Бүгд,Total,,,,132705
DT_NSO_1001_021V1,2019,34625,Номгон,Nomgon,1,Бүгд,Total,,,,302862
DT_NSO_1001_021V1,2019,34628,Сэврэй,Sevrei,1,Бүгд,Total,,,,190480
DT_NSO_1001_021V1,2019,34631,Ханбогд,Khanbogd,1,Бүгд,Total,,,,190028
DT_NSO_1001_021V1,2019,34634,Ханхонгор,Khankhongor,1,Бүгд,Total,,,,280532
DT_NSO_1001_021V1,2019,34637,Хүрмэн,Khurmen,1,Бүгд,Total,,,,169889
DT_NSO_1001_021V1,2019,34640,Цогт-Овоо,Tsogt-Ovoo,1,Бүгд,Total,,,,154385
DT_NSO_1001_021V1,2019,34643,Цогтцэций,Tsogttsetsii,1,Бүгд,Total,,,,159455
DT_NSO_1001_021V1,2019,34801,Сайнцагаан,Saintsagaan,1,Бүгд,Total,,,,417543
DT_NSO_1001_021V1,2019,34804,Адаацаг,Adaatsag,1,Бүгд,Total,,,,303502
DT_NSO_1001_021V1,2019,34807,Баянжаргалан,Bayanjargalan,1,Бүгд,Total,,,,157326
DT_NSO_1001_021V1,2019,34810,Говь-Угтаал,Govi-Ugtaal,1,Бүгд,Total,,,,207951
DT_NSO_1001_021V1,2019,34813,Гурвансайхан,Gurvansaikhan,1,Бүгд,Total,,,,313218
DT_NSO_1001_021V1,2019,34816,Дэлгэрхангай,Delgerkhangai,1,Бүгд,Total,,,,220387
DT_NSO_1001_021V1,2019,34819,Дэлгэрцогт,Delgertsogt,1,Бүгд,Total,,,,199548
DT_NSO_1001_021V1,2019,34822,Дэрэн,Deren,1,Бүгд,Total,,,,279008
DT_NSO_1001_021V1,2019,34825,Луус,Luus,1,Бүгд,Total,,,,193936
DT_NSO_1001_021V1,2019,34828,Өлзийт,Ulziit,1,Бүгд,Total,,,,369757
DT_NSO_1001_021V1,2019,34831,Өндөршил,Undurshil,1,Бүгд,Total,,,,189659
DT_NSO_1001_021V1,2019,34834,Сайхан-Овоо,Saikhan-Ovoo,1,Бүгд,Total,,,,207015
DT_NSO_1001_021V1,2019,34837,Хулд,Khuld,1,Бүгд,Total,,,,295762
DT_NSO_1001_021V1,2019,34840,Цагаандэлгэр,Tsagaandelger,1,Бүгд,Total,,,,152396
DT_NSO_1001_021V1,2019,34843,Эрдэнэдалай,Erdenedalai,1,Бүгд,Total,,,,586113
DT_NSO_1001_021V1,2019,42101,Хэрлэн,Kherlen,1,Бүгд,Total,,,,176047
DT_NSO_1001_021V1,2019,42104,Баяндун,Bayandun,1,Бүгд,Total,,,,220678
DT_NSO_1001_021V1,2019,42107,Баянтүмэн,Bayantumen,1,Бүгд,Total,,,,205636
DT_NSO_1001_021V1,2019,42110,Баян-Уул,Bayan-Uul,1,Бүгд,Total,,,,133766
DT_NSO_1001_021V1,2019,42113,Булган,Bulgan,1,Бүгд,Total,,,,208726
DT_NSO_1001_021V1,2019,42116,Гурванзагал,Gurvanzagal,1,Бүгд,Total,,,,175187
DT_NSO_1001_021V1,2019,42119,Дашбалбар,Dashbalbar,1,Бүгд,Total,,,,311110
DT_NSO_1001_021V1,2019,42122,Матад,Matad,1,Бүгд,Total,,,,184529
DT_NSO_1001_021V1,2019,42125,Сэргэлэн,Sergelen,1,Бүгд,Total,,,,225546
DT_NSO_1001_021V1,2019,42128,Халхгол,Khalkhgol,1,Бүгд,Total,,,,91993
DT_NSO_1001_021V1,2019,42131,Хөлөнбуйр,Khulunbuir,1,Бүгд,Total,,,,161451
DT_NSO_1001_021V1,2019,42134,Цагаан-Овоо,Tsagaan-Ovoo,1,Бүгд,Total,,,,242850
DT_NSO_1001_021V1,2019,42137,Чойбалсан,Choibalsan,1,Бүгд,Total,,,,179852
DT_NSO_1001_021V1,2019,42140,Чулуунхороот,Chuluunkhoroot,1,Бүгд,Total,,,,112251
DT_NSO_1001_021V1,2019,42201,Баруун-Урт,Baruun-Urt,1,Бүгд,Total,,,,399702
DT_NSO_1001_021V1,2019,42204,Асгат,Asgat,1,Бүгд,Total,,,,176252
DT_NSO_1001_021V1,2019,42207,Баяндэлгэр,Bayandelger,1,Бүгд,Total,,,,508091
DT_NSO_1001_021V1,2019,42210,Дарьганга,Dariganga,1,Бүгд,Total,,,,226717
DT_NSO_1001_021V1,2019,42213,Мөнххаан,Munkhkhaan,1,Бүгд,Total,,,,427481
DT_NSO_1001_021V1,2019,42216,Наран,Naran,1,Бүгд,Total,,,,135798
DT_NSO_1001_021V1,2019,42219,Онгон,Ongon,1,Бүгд,Total,,,,331647
DT_NSO_1001_021V1,2019,42222,Сүхбаатар,Sukhbaatar,1,Бүгд,Total,,,,359718
DT_NSO_1001_021V1,2019,42225,Түвшинширээ,Tuvshinshiree,1,Бүгд,Total,,,,321988
DT_NSO_1001_021V1,2019,42228,Түмэнцогт,Tumentsogt,1,Бүгд,Total,,,,140482
DT_NSO_1001_021V1,2019,42231,Уулбаян,Uulbayan,1,Бүгд,Total,,,,245470
DT_NSO_1001_021V1,2019,42234,Халзан,Khalzan,1,Бүгд,Total,,,,162690
DT_NSO_1001_021V1,2019,42237,Эрдэнэцагаан,Erdenetsagaan,1,Бүгд,Total,,,,380974
DT_NSO_1001_021V1,2019,42301,Хэрлэн,Kherlen,1,Бүгд,Total,,,,520416
DT_NSO_1001_021V1,2019,42304,Батноров,Batnorov,1,Бүгд,Total,,,,456158
DT_NSO_1001_021V1,2019,42307,Батширээт,Batshireet,1,Бүгд,Total,,,,81400
DT_NSO_1001_021V1,2019,42310,Баян-Адарга,Bayan-Adarga,1,Бүгд,Total,,,,195178
DT_NSO_1001_021V1,2019,42313,Баянмөнх,Bayanmunkh,1,Бүгд,Total,,,,192271
DT_NSO_1001_021V1,2019,42316,Баян-Овоо,Bayan-Ovoo,1,Бүгд,Total,,,,208973
DT_NSO_1001_021V1,2019,42319,Баянхутаг,Bayankhutag,1,Бүгд,Total,,,,460350
DT_NSO_1001_021V1,2019,42322,Биндэр,Binder,1,Бүгд,Total,,,,266861
DT_NSO_1001_021V1,2019,42325,Галшар,Galshar,1,Бүгд,Total,,,,324718
DT_NSO_1001_021V1,2019,42328,Дадал,Dadal,1,Бүгд,Total,,,,55169
DT_NSO_1001_021V1,2019,42331,Дархан,Darkhan,1,Бүгд,Total,,,,256287
DT_NSO_1001_021V1,2019,42334,Дэлгэрхаан,Delgerkhaan,1,Бүгд,Total,,,,274257
DT_NSO_1001_021V1,2019,42337,Жаргалтхаан,Jargaltkhaan,1,Бүгд,Total,,,,226202
DT_NSO_1001_021V1,2019,42340,Мөрөн,Murun,1,Бүгд,Total,,,,192519
DT_NSO_1001_021V1,2019,42343,Норовлин,Norovlin,1,Бүгд,Total,,,,180737
DT_NSO_1001_021V1,2019,42346,Өмнөдэлгэр,Umnudelger,1,Бүгд,Total,,,,639902
DT_NSO_1001_021V1,2019,42349,Цэнхэрмандал,Tsenkhermandal,1,Бүгд,Total,,,,253518
DT_NSO_1001_021V1,2019,51101,Багануур,Baganuur,1,Бүгд,Total,,,,200183
DT_NSO_1001_021V1,2019,51104,Багахангай,Bagakhangai,1,Бүгд,Total,,,,21293
DT_NSO_1001_021V1,2019,51107,Баянгол,Bayangol,1,Бүгд,Total,,,,0
DT_NSO_1001_021V1,2019,51110,Баянзүрх,Bayanzurkh,1,Бүгд,Total,,,,56933
DT_NSO_1001_021V1,2019,51113,Налайх,Nalaikh,1,Бүгд,Total,,,,57075
DT_NSO_1001_021V1,2019,51116,Сонгинохайрхан,Songinokhairkhan,1,Бүгд,Total,,,,70768
DT_NSO_1001_021V1,2019,51119,Сүхбаатар,Sukhbaatar,1,Бүгд,Total,,,,0
DT_NSO_1001_021V1,2019,51122,Хан-Уул,Khan-Uul,1,Бүгд,Total,,,,38639
DT_NSO_1001_021V1,2019,51125,Чингэлтэй,Chingeltei,1,Бүгд,Total,,,,0
DT_NSO_1001_021V1,2019,18407,Булган,Bulgan,1,Бүгд,Total,,,,314653